duplicate_type	record_ids	lemma	details
WIKT_ENTRY_FOR_EXISTING_ROOT_BINYAN	wikt:entry:p13707:r512958:o4752:t0	שִׁיֵּט	שוט x PIEL already represented by a UniMorph lexeme; entry not added
WIKT_ENTRY_FOR_EXISTING_ROOT_BINYAN	wikt:entry:p31206:r454169:o930:t0	פִּסְפֵּס	פספס x PIEL already represented by a UniMorph lexeme; entry not added
WIKT_ENTRY_FOR_EXISTING_ROOT_BINYAN	wikt:entry:p42747:r519679:o3595:t0	שֹׂרַף	שרפ x PAAL already represented by a UniMorph lexeme; entry not added
WIKT_ENTRY_FOR_EXISTING_ROOT_BINYAN	wikt:entry:p53008:r516076:o119:t0	כִּוֵּן	כונ x PIEL already represented by a UniMorph lexeme; entry not added
WIKT_ENTRY_FOR_EXISTING_ROOT_BINYAN	wikt:entry:p55161:r489306:o4064:t0	נָגִיד	נגד x HIFIL already represented by a UniMorph lexeme; entry not added
WIKT_ENTRY_FOR_EXISTING_ROOT_BINYAN	wikt:entry:p56330:r516121:o1:t0	דּוֹמֵם	דממ x PIEL already represented by a UniMorph lexeme; entry not added
DUPLICATE_ROOT_BINYAN	LX-828b91b0c3|LX-505eab44cd	הִתְוַכֵּחַ / הִתְוַכֵּחַ	2 lexeme records for root יכח x HITPAEL
DUPLICATE_ROOT_BINYAN	LX-a646782180|LX-35856ad369	קָטַן / קָטֹן	2 lexeme records for root קטנ x PAAL
DUPLICATE_ROOT_BINYAN	LX-c7b74d3dc8|LX-4eee71a503	הִתְנַיֵּד / הִתְנוֹדֵד	2 lexeme records for root נוד x HITPAEL
DUPLICATE_ROOT_BINYAN	LX-46649dcccb|LX-bc1059121a	שִׁיֵּר / שׁוֹרֵר	2 lexeme records for root שׁיר x PIEL
DUPLICATE_ROOT_BINYAN	LX-0b9b9f3bd0|LX-50ef95f0eb	קִיֵּץ / קִוֵּץ	2 lexeme records for root קוצ x PIEL
DUPLICATE_ROOT_BINYAN	LX-b115b6ca31|LX-4c69d82640	רִפְרֵף / רִפְּרֵפּ	2 lexeme records for root רפרפ x PIEL
DUPLICATE_ROOT_BINYAN	LX-134b03d5f6|LX-bf35288856	דַּל / דָּלַל	2 lexeme records for root דלל x PAAL
DUPLICATE_ROOT_BINYAN	LX-b8c91ce3e8|LX-1f460534d2	סָכַךְ / סַךְ	2 lexeme records for root סככ x PAAL
DUPLICATE_ROOT_BINYAN	LX-7d051ce0ec|LX-44c2655f1b	אִכֵּף / אֻכַּף	2 lexeme records for root אכפ x PIEL
DUPLICATE_ROOT_BINYAN	LX-ad8d500584|LX-76ce1005b0	צַר / צָרַר	2 lexeme records for root צרר x PAAL
DUPLICATE_ROOT_BINYAN	LX-7e6c7c2120|LX-7210ba5679	גַּל / גָּלַל	2 lexeme records for root גלל x PAAL
DUPLICATE_ROOT_BINYAN	LX-bc0c52a84e|LX-46bf98b386	טִוַּח / טִיַּח	2 lexeme records for root טוח x PIEL
DUPLICATE_ROOT_BINYAN	LX-5a100c26b6|LX-7f5648790f	צוֹתֵת / צִוֵּת	2 lexeme records for root צות x PIEL
DUPLICATE_ROOT_BINYAN	LX-fce425f1c8|LX-0e7b45ec35	נִחָר / נֶחֱרָה	2 lexeme records for root חרה x NIFAL
DUPLICATE_ROOT_BINYAN	LX-cc3f2398fd|LX-b8c9b0da56	פִּלַּח / פִלֵּחַ	2 lexeme records for root פלח x PIEL
DUPLICATE_ROOT_BINYAN	LX-f255e1421b|LX-266b66b86d	גָּבַהּ / גָּבָה	2 lexeme records for root גבה x PAAL
DUPLICATE_ROOT_BINYAN	LX-e0150c9798|LX-2cca5b2c4c	בִּיֵּשׁ / בּוֹשֵׁשׁ	2 lexeme records for root בושׁ x PIEL
DUPLICATE_ROOT_BINYAN	LX-fd5179a6af|LX-429c8d1085	הִסְתּוֹבֵב / הִסְתַּבְסֵב	2 lexeme records for root סבב x HITPAEL
DUPLICATE_ROOT_BINYAN	LX-634a999ac8|LX-a293280b97	נֵקָל / נִקְלָה	2 lexeme records for root קלל x NIFAL
DUPLICATE_ROOT_BINYAN	LX-65901fb26d|LX-765da2daa4	סִנְגֵ / סִנְגֵּר	2 lexeme records for root סנגר x PIEL
DUPLICATE_ROOT_BINYAN	LX-02388c6a3a|LX-4a2b66ec24	גָּס / גָּסַס	2 lexeme records for root גסס x PAAL
DUPLICATE_ROOT_BINYAN	LX-f6a23aa476|LX-7d0e38bff8	הֵלִין / הִלִּין	2 lexeme records for root לונ x HIFIL
DUPLICATE_ROOT_BINYAN	LX-d87b5c856f|LX-eec3a0c68f	חָשׁ / חָשַׁשׁ	2 lexeme records for root חשׁשׁ x PAAL
DUPLICATE_ROOT_BINYAN	LX-0bf09b1daa|LX-21c001ee27	גָּּדַד / גָּדַד	2 lexeme records for root גדד x PAAL
DUPLICATE_ROOT_BINYAN	LX-4296a2f246|LX-5a320289a5	קִעְקֵעַ / קִעֲקֵעַ	2 lexeme records for root קעקע x PIEL
DUPLICATE_ROOT_BINYAN	LX-e4f099c845|LX-e4bb689969	קָצַע / קִצֵּעַ	2 lexeme records for root קצע x PIEL
DUPLICATE_ROOT_BINYAN	LX-91baee87a2|LX-6d19f78129	הִתְאַמֵּר / אִתְּמַר	2 lexeme records for root אמר x HITPAEL
DUPLICATE_ROOT_BINYAN	LX-51932908bb|LX-1c7e65a21e	הִנְגִישׁ / הִגִּישׁ	2 lexeme records for root נגשׁ x HIFIL
SAME_VOCALIZED_FORM_DIFFERENT_LEXEMES	LX-35856ad369|LX-a646782180	אֶקְטַן	cells FUT.1SG
SAME_VOCALIZED_FORM_DIFFERENT_LEXEMES	LX-505eab44cd|LX-828b91b0c3	אֶתְוַכֵּחַ	cells FUT.1SG
SAME_VOCALIZED_FORM_DIFFERENT_LEXEMES	LX-35a9911948|LX-6c1729499c	אָבִין	cells FUT.1SG
SAME_VOCALIZED_FORM_DIFFERENT_LEXEMES	LX-5a1b805acb|LX-c77a638fe9	אֻזְכַּר	cells FUT.1SG|PST.3MSG
SAME_VOCALIZED_FORM_DIFFERENT_LEXEMES	LX-bce671e703|LX-e5a6225c11	אוֹרֶה	cells FUT.1SG|PRS.MSG
SAME_VOCALIZED_FORM_DIFFERENT_LEXEMES	LX-2cca5b2c4c|LX-e0150c9798	בַּיֵּשׁ	cells IMP.2MSG
SAME_VOCALIZED_FORM_DIFFERENT_LEXEMES	LX-476b8a962e|LX-8249c86584	בָּזָה	cells PRS.FSG|PST.3FSG|PST.3MSG
SAME_VOCALIZED_FORM_DIFFERENT_LEXEMES	LX-0a3565f373|LX-6c1729499c	בָּנָה	cells PRS.FSG|PST.3FSG|PST.3MSG
SAME_VOCALIZED_FORM_DIFFERENT_LEXEMES	LX-0a3565f373|LX-6c1729499c	בָּנוּ	cells PST.3PL
SAME_VOCALIZED_FORM_DIFFERENT_LEXEMES	LX-6a5d73ad1f|LX-cb3cae2754	גָּרוּ	cells IMP.2MPL|PST.3PL
SAME_VOCALIZED_FORM_DIFFERENT_LEXEMES	LX-cb3cae2754|LX-f09e5ec94e	גּוּר	cells IMP.2MSG
SAME_VOCALIZED_FORM_DIFFERENT_LEXEMES	LX-0fc1f0960a|LX-11f8f3b455	הֲטָבָה	cells MSDR
SAME_VOCALIZED_FORM_DIFFERENT_LEXEMES	LX-47ab8e5eda|LX-993161330e	הִשְׁתַּנּוּ	cells IMP.2MPL|PST.1PL|PST.3PL
SAME_VOCALIZED_FORM_DIFFERENT_LEXEMES	LX-505eab44cd|LX-828b91b0c3	הִתְוַכְּחִי	cells IMP.2FSG
SAME_VOCALIZED_FORM_DIFFERENT_LEXEMES	LX-505eab44cd|LX-828b91b0c3	הִתְוַכְּחָה	cells PST.3FSG
SAME_VOCALIZED_FORM_DIFFERENT_LEXEMES	LX-505eab44cd|LX-828b91b0c3	הִתְוַכְּחוּ	cells IMP.2MPL|PST.3PL
SAME_VOCALIZED_FORM_DIFFERENT_LEXEMES	LX-505eab44cd|LX-828b91b0c3	הִתְוַכֵּחַ	cells IMP.2MSG|PST.3MSG
SAME_VOCALIZED_FORM_DIFFERENT_LEXEMES	LX-505eab44cd|LX-828b91b0c3	הִתְוַכַּחְנָה	cells IMP.2FPL
SAME_VOCALIZED_FORM_DIFFERENT_LEXEMES	LX-505eab44cd|LX-828b91b0c3	הִתְוַכַּחְנוּ	cells PST.1PL
SAME_VOCALIZED_FORM_DIFFERENT_LEXEMES	LX-505eab44cd|LX-828b91b0c3	הִתְוַכַּחְתְּ	cells PST.2FSG
SAME_VOCALIZED_FORM_DIFFERENT_LEXEMES	LX-505eab44cd|LX-828b91b0c3	הִתְוַכַּחְתִּי	cells PST.1SG
SAME_VOCALIZED_FORM_DIFFERENT_LEXEMES	LX-505eab44cd|LX-828b91b0c3	הִתְוַכַּחְתֶּם	cells PST.2MPL
SAME_VOCALIZED_FORM_DIFFERENT_LEXEMES	LX-505eab44cd|LX-828b91b0c3	הִתְוַכַּחְתֶּן	cells PST.2FPL
SAME_VOCALIZED_FORM_DIFFERENT_LEXEMES	LX-505eab44cd|LX-828b91b0c3	הִתְוַכַּחְתָּ	cells PST.2MSG
SAME_VOCALIZED_FORM_DIFFERENT_LEXEMES	LX-598169fddb|LX-f66a0ca4da	הֵחַלְנוּ	cells PST.1PL
SAME_VOCALIZED_FORM_DIFFERENT_LEXEMES	LX-598169fddb|LX-f66a0ca4da	הֵחַלְתְּ	cells PST.2FSG
SAME_VOCALIZED_FORM_DIFFERENT_LEXEMES	LX-598169fddb|LX-f66a0ca4da	הֵחַלְתִּי	cells PST.1SG
SAME_VOCALIZED_FORM_DIFFERENT_LEXEMES	LX-598169fddb|LX-f66a0ca4da	הֵחַלְתָּ	cells PST.2MSG
SAME_VOCALIZED_FORM_DIFFERENT_LEXEMES	LX-598169fddb|LX-f66a0ca4da	הַחַלְתֶּם	cells PST.2MPL
SAME_VOCALIZED_FORM_DIFFERENT_LEXEMES	LX-598169fddb|LX-f66a0ca4da	הַחַלְתֶּן	cells PST.2FPL
SAME_VOCALIZED_FORM_DIFFERENT_LEXEMES	LX-598169fddb|LX-f66a0ca4da	הָחֵל	cells IMP.2MSG
SAME_VOCALIZED_FORM_DIFFERENT_LEXEMES	LX-598169fddb|LX-f66a0ca4da	הָחֵלְנָה	cells IMP.2FPL
SAME_VOCALIZED_FORM_DIFFERENT_LEXEMES	LX-4028bdf1e9|LX-9e25ae0545	הוֹבִישׁ	cells PST.3MSG
SAME_VOCALIZED_FORM_DIFFERENT_LEXEMES	LX-435ebe95bf|LX-43d9eac2da	הוֹגֶה	cells IMP.2MSG|PRS.MSG
SAME_VOCALIZED_FORM_DIFFERENT_LEXEMES	LX-435ebe95bf|LX-43d9eac2da	הוֹגָה	cells PRS.FSG|PST.3MSG
SAME_VOCALIZED_FORM_DIFFERENT_LEXEMES	LX-01e1ef29e8|LX-82f9f837f2	הוּחַל	cells PST.3MSG
SAME_VOCALIZED_FORM_DIFFERENT_LEXEMES	LX-3cd3d29812|LX-c2004fa5b5	זָנָה	cells PRS.FSG|PST.3FSG|PST.3MSG
SAME_VOCALIZED_FORM_DIFFERENT_LEXEMES	LX-3cd3d29812|LX-c2004fa5b5	זָנוּ	cells PST.3PL
SAME_VOCALIZED_FORM_DIFFERENT_LEXEMES	LX-e10a856b0b|LX-f55cc7a592	חָדָה	cells PRS.FSG|PST.3FSG|PST.3MSG
SAME_VOCALIZED_FORM_DIFFERENT_LEXEMES	LX-4615529d04|LX-f4db6e236f	חָלָה	cells PRS.FSG|PST.3FSG|PST.3MSG
SAME_VOCALIZED_FORM_DIFFERENT_LEXEMES	LX-4615529d04|LX-f4db6e236f	חָלוּ	cells PST.3PL
SAME_VOCALIZED_FORM_DIFFERENT_LEXEMES	LX-1fffcfadc8|LX-cf3a338b24	חָסָה	cells PRS.FSG|PST.3FSG|PST.3MSG
SAME_VOCALIZED_FORM_DIFFERENT_LEXEMES	LX-1fffcfadc8|LX-cf3a338b24	חָסוּ	cells PST.3PL
SAME_VOCALIZED_FORM_DIFFERENT_LEXEMES	LX-3ffb39c040|LX-d87b5c856f	חָשׁ	cells PST.3MSG
SAME_VOCALIZED_FORM_DIFFERENT_LEXEMES	LX-2cca5b2c4c|LX-e0150c9798	יְבַיֵּשׁ	cells FUT.3MSG
SAME_VOCALIZED_FORM_DIFFERENT_LEXEMES	LX-76ce1005b0|LX-ad8d500584	יִצְרֹר	cells FUT.3MSG
SAME_VOCALIZED_FORM_DIFFERENT_LEXEMES	LX-35856ad369|LX-a646782180	יִקְטְנוּ	cells FUT.3MPL
SAME_VOCALIZED_FORM_DIFFERENT_LEXEMES	LX-35856ad369|LX-a646782180	יִקְטַן	cells FUT.3MSG
SAME_VOCALIZED_FORM_DIFFERENT_LEXEMES	LX-870b26ad1b|LX-c423043573	יִרְאוּ	cells FUT.3MPL|IMP.2MPL
SAME_VOCALIZED_FORM_DIFFERENT_LEXEMES	LX-505eab44cd|LX-828b91b0c3	יִתְוַכְּחוּ	cells FUT.3MPL
SAME_VOCALIZED_FORM_DIFFERENT_LEXEMES	LX-505eab44cd|LX-828b91b0c3	יִתְוַכֵּחַ	cells FUT.3MSG
SAME_VOCALIZED_FORM_DIFFERENT_LEXEMES	LX-8f40a0b7e1|LX-f55c3a8575	יַעֲלֶה	cells FUT.3MSG
SAME_VOCALIZED_FORM_DIFFERENT_LEXEMES	LX-8f40a0b7e1|LX-f55c3a8575	יַעֲלוּ	cells FUT.3MPL
SAME_VOCALIZED_FORM_DIFFERENT_LEXEMES	LX-35a9911948|LX-6c1729499c	יָבִין	cells FUT.3MSG
SAME_VOCALIZED_FORM_DIFFERENT_LEXEMES	LX-35a9911948|LX-6c1729499c	יָבִינוּ	cells FUT.3MPL
SAME_VOCALIZED_FORM_DIFFERENT_LEXEMES	LX-cb3cae2754|LX-f09e5ec94e	יָגוּר	cells FUT.3MSG
SAME_VOCALIZED_FORM_DIFFERENT_LEXEMES	LX-86abe8f7a2|LX-8959494ff1	יָלִיץ	cells FUT.3MSG
SAME_VOCALIZED_FORM_DIFFERENT_LEXEMES	LX-24eb7af26f|LX-870b26ad1b	יָרֵא	cells IMP.2MSG|PRS.MSG|PST.3MSG
SAME_VOCALIZED_FORM_DIFFERENT_LEXEMES	LX-bb08afbca2|LX-fa50a91874	יָשִׂים	cells FUT.3MSG
SAME_VOCALIZED_FORM_DIFFERENT_LEXEMES	LX-6e20d2b2c4|LX-f7cee11cd2	יוֹדֶה	cells FUT.3MSG|PRS.MSG
SAME_VOCALIZED_FORM_DIFFERENT_LEXEMES	LX-3266106ba0|LX-bce671e703	יוֹרֶה	cells FUT.3MSG|PRS.MSG
SAME_VOCALIZED_FORM_DIFFERENT_LEXEMES	LX-01e1ef29e8|LX-82f9f837f2	יוּחַל	cells FUT.3MSG
SAME_VOCALIZED_FORM_DIFFERENT_LEXEMES	LX-4a500afd61|LX-c1f97768fb	כּוֹפֵף	cells IMP.2MSG|PRS.MSG|PST.3MSG
SAME_VOCALIZED_FORM_DIFFERENT_LEXEMES	LX-2cca5b2c4c|LX-e0150c9798	לְבַיֵּשׁ	cells NFIN
SAME_VOCALIZED_FORM_DIFFERENT_LEXEMES	LX-505eab44cd|LX-828b91b0c3	לְהִתְוַכֵּחַ	cells NFIN
SAME_VOCALIZED_FORM_DIFFERENT_LEXEMES	LX-35856ad369|LX-a646782180	לִקְטֹן	cells NFIN
SAME_VOCALIZED_FORM_DIFFERENT_LEXEMES	LX-76ce1005b0|LX-ad8d500584	לָצֹר	cells NFIN
SAME_VOCALIZED_FORM_DIFFERENT_LEXEMES	LX-2cca5b2c4c|LX-e0150c9798	מְבַיֵּשׁ	cells PRS.MSG
SAME_VOCALIZED_FORM_DIFFERENT_LEXEMES	LX-0e88603fe5|LX-82720ad029	מְסִירָה	cells MSDR|PRS.FSG
SAME_VOCALIZED_FORM_DIFFERENT_LEXEMES	LX-c4177147a0|LX-d7299b7567	מְרִיחָה	cells MSDR|PRS.FSG
SAME_VOCALIZED_FORM_DIFFERENT_LEXEMES	LX-505eab44cd|LX-828b91b0c3	מִתְוַכְּחִים	cells PRS.MPL
SAME_VOCALIZED_FORM_DIFFERENT_LEXEMES	LX-505eab44cd|LX-828b91b0c3	מִתְוַכְּחוֹת	cells PRS.FPL
SAME_VOCALIZED_FORM_DIFFERENT_LEXEMES	LX-505eab44cd|LX-828b91b0c3	מִתְוַכֵּחַ	cells PRS.MSG
SAME_VOCALIZED_FORM_DIFFERENT_LEXEMES	LX-505eab44cd|LX-828b91b0c3	מִתְוַכַּחַת	cells PRS.FSG
SAME_VOCALIZED_FORM_DIFFERENT_LEXEMES	LX-20babe10e6|LX-f55c3a8575	מַעֲלִים	cells PRS.MPL|PRS.MSG
SAME_VOCALIZED_FORM_DIFFERENT_LEXEMES	LX-0c975d4a1c|LX-604cf9784b	מָחָה	cells PST.3MSG
SAME_VOCALIZED_FORM_DIFFERENT_LEXEMES	LX-47d1ab4b74|LX-5a876c8f8f	מוֹדֵד	cells IMP.2MSG|PRS.MSG|PST.3MSG
SAME_VOCALIZED_FORM_DIFFERENT_LEXEMES	LX-b0551b1795|LX-d00cc5ab8c	מוֹנֶה	cells PRS.MSG
SAME_VOCALIZED_FORM_DIFFERENT_LEXEMES	LX-01e1ef29e8|LX-82f9f837f2	מוּחָל	cells PRS.MSG
SAME_VOCALIZED_FORM_DIFFERENT_LEXEMES	LX-4b66ac5abe|LX-f5a3110c70	נִבְחַר	cells FUT.1PL|PST.3MSG
SAME_VOCALIZED_FORM_DIFFERENT_LEXEMES	LX-0a3565f373|LX-e2d7408010	נִבְנֶה	cells FUT.1PL|PRS.MSG
SAME_VOCALIZED_FORM_DIFFERENT_LEXEMES	LX-0ec0b9afe9|LX-6caaa1a224	נִבְעַט	cells FUT.1PL|PST.3MSG
SAME_VOCALIZED_FORM_DIFFERENT_LEXEMES	LX-f40ce2ea1a|LX-f91fe75339	נִבְרָא	cells FUT.1PL|PRS.MSG|PST.3MSG
SAME_VOCALIZED_FORM_DIFFERENT_LEXEMES	LX-53d478f095|LX-b1fc7e2196	נִגְאַל	cells FUT.1PL|PST.3MSG
SAME_VOCALIZED_FORM_DIFFERENT_LEXEMES	LX-83bd88989a|LX-ff7f82d286	נִגְלֶה	cells FUT.1PL|PRS.MSG
SAME_VOCALIZED_FORM_DIFFERENT_LEXEMES	LX-770850bf80|LX-acf3993b6d	נִדְחֶה	cells FUT.1PL|PRS.MSG
SAME_VOCALIZED_FORM_DIFFERENT_LEXEMES	LX-1c6c2f2853|LX-8306c21941	נִהְיֶה	cells FUT.1PL|PRS.MSG
SAME_VOCALIZED_FORM_DIFFERENT_LEXEMES	LX-a421bd4836|LX-f71e97c383	נִכְפֶּה	cells FUT.1PL|PRS.MSG
SAME_VOCALIZED_FORM_DIFFERENT_LEXEMES	LX-a457d161ee|LX-c91baae462	נִכָּה	cells PST.3MSG
SAME_VOCALIZED_FORM_DIFFERENT_LEXEMES	LX-69807701ae|LX-b28d05a18f	נִמְנַע	cells FUT.1PL|PST.3MSG
SAME_VOCALIZED_FORM_DIFFERENT_LEXEMES	LX-559749a19d|LX-ccdfd26a66	נִמְצָא	cells FUT.1PL|PRS.MSG|PST.3MSG
SAME_VOCALIZED_FORM_DIFFERENT_LEXEMES	LX-b34e036e57|LX-cd21b2a15b	נִנְעַל	cells FUT.1PL|PST.3MSG
SAME_VOCALIZED_FORM_DIFFERENT_LEXEMES	LX-355f14051c|LX-bd64bd5f86	נִפְגַּע	cells FUT.1PL|PST.3MSG
SAME_VOCALIZED_FORM_DIFFERENT_LEXEMES	LX-7e55965401|LX-b1c181eb09	נִפַּח	cells FUT.1PL|PST.3MSG
SAME_VOCALIZED_FORM_DIFFERENT_LEXEMES	LX-28debcf2e2|LX-3c59cc9776	נִצָּה	cells PST.3MSG
SAME_VOCALIZED_FORM_DIFFERENT_LEXEMES	LX-35856ad369|LX-a646782180	נִקְטַן	cells FUT.1PL
SAME_VOCALIZED_FORM_DIFFERENT_LEXEMES	LX-0a6ced5078|LX-a293280b97	נִקְלָה	cells PST.3MSG
SAME_VOCALIZED_FORM_DIFFERENT_LEXEMES	LX-9300efaa00|LX-f014ecdb3c	נִקְנֶה	cells FUT.1PL|PRS.MSG
SAME_VOCALIZED_FORM_DIFFERENT_LEXEMES	LX-3ab283c35d|LX-3d32f79efb	נִקְרָא	cells FUT.1PL|PRS.MSG|PST.3MSG
SAME_VOCALIZED_FORM_DIFFERENT_LEXEMES	LX-c04cf3a925|LX-c423043573	נִרְאֶה	cells FUT.1PL|PRS.MSG
SAME_VOCALIZED_FORM_DIFFERENT_LEXEMES	LX-91e0eaa87b|LX-c5e586df34	נִרְצֶה	cells FUT.1PL|PRS.MSG
SAME_VOCALIZED_FORM_DIFFERENT_LEXEMES	LX-a43a976054|LX-e48552f170	נִרְצַח	cells FUT.1PL|PST.3MSG
SAME_VOCALIZED_FORM_DIFFERENT_LEXEMES	LX-12c3152541|LX-aff5a4ad55	נִשְׁמַע	cells FUT.1PL|PST.3MSG
SAME_VOCALIZED_FORM_DIFFERENT_LEXEMES	LX-da0d23398a|LX-e37f4c3b54	נִשָּׂא	cells FUT.1PL|PRS.MSG|PST.3MSG
SAME_VOCALIZED_FORM_DIFFERENT_LEXEMES	LX-505eab44cd|LX-828b91b0c3	נִתְוַכֵּחַ	cells FUT.1PL
SAME_VOCALIZED_FORM_DIFFERENT_LEXEMES	LX-06d7302519|LX-bab2836fec	נֶאֱהַד	cells FUT.1PL|PST.3MSG
SAME_VOCALIZED_FORM_DIFFERENT_LEXEMES	LX-435ebe95bf|LX-470258a91e	נֶהֱגֶה	cells FUT.1PL|PRS.MSG
SAME_VOCALIZED_FORM_DIFFERENT_LEXEMES	LX-5f487f22df|LX-8f40a0b7e1|LX-f55c3a8575	נַעֲלֶה	cells FUT.1PL|PRS.MSG
SAME_VOCALIZED_FORM_DIFFERENT_LEXEMES	LX-add8596aaf|LX-b97bf4b70c	נַעֲשֶׂה	cells FUT.1PL|PRS.MSG
SAME_VOCALIZED_FORM_DIFFERENT_LEXEMES	LX-35a9911948|LX-6c1729499c	נָבִין	cells FUT.1PL
SAME_VOCALIZED_FORM_DIFFERENT_LEXEMES	LX-0698255036|LX-21b2515d1d	נָבַר	cells PST.3MSG
SAME_VOCALIZED_FORM_DIFFERENT_LEXEMES	LX-97151a7cb5|LX-9a701f9456	נָחָה	cells PRS.FSG|PST.3FSG|PST.3MSG
SAME_VOCALIZED_FORM_DIFFERENT_LEXEMES	LX-63942d7ff8|LX-e0f85e0df1	נָעִים	cells PRS.MPL|PRS.MSG
SAME_VOCALIZED_FORM_DIFFERENT_LEXEMES	LX-2ff4b7045a|LX-852031e649	נָקַט	cells PST.3MSG
SAME_VOCALIZED_FORM_DIFFERENT_LEXEMES	LX-42d535a285|LX-f09c39ee18	נָשִׁית	cells FUT.1PL|PST.2FSG
SAME_VOCALIZED_FORM_DIFFERENT_LEXEMES	LX-6a7f3978c3|LX-e8646b5b9e	נוֹצֶרֶת	cells PRS.FSG
SAME_VOCALIZED_FORM_DIFFERENT_LEXEMES	LX-404f2ec4f7|LX-bce671e703	נוֹרֶה	cells FUT.1PL|PRS.MSG
SAME_VOCALIZED_FORM_DIFFERENT_LEXEMES	LX-461c9f230b|LX-81d8a4ca7f	נוֹשֶׁבֶת	cells PRS.FSG
SAME_VOCALIZED_FORM_DIFFERENT_LEXEMES	LX-84f4a01728|LX-f0664633a4	פַּחֲדִי	cells IMP.2FSG
SAME_VOCALIZED_FORM_DIFFERENT_LEXEMES	LX-84f4a01728|LX-f0664633a4	פַּחֲדוּ	cells IMP.2MPL
SAME_VOCALIZED_FORM_DIFFERENT_LEXEMES	LX-76ce1005b0|LX-ad8d500584	צְרֹר	cells IMP.2MSG
SAME_VOCALIZED_FORM_DIFFERENT_LEXEMES	LX-3523741b58|LX-e8801d5939	צָדָה	cells PRS.FSG|PST.3FSG|PST.3MSG
SAME_VOCALIZED_FORM_DIFFERENT_LEXEMES	LX-4e5da48139|LX-eac002a1ae	צָפָה	cells PRS.FSG|PST.3FSG|PST.3MSG
SAME_VOCALIZED_FORM_DIFFERENT_LEXEMES	LX-4e5da48139|LX-eac002a1ae	צָפוּ	cells PST.3PL
SAME_VOCALIZED_FORM_DIFFERENT_LEXEMES	LX-76ce1005b0|LX-ad8d500584	צוֹרֵר	cells PRS.MSG
SAME_VOCALIZED_FORM_DIFFERENT_LEXEMES	LX-35856ad369|LX-a646782180	קְטֵנִים	cells PRS.MPL
SAME_VOCALIZED_FORM_DIFFERENT_LEXEMES	LX-35856ad369|LX-a646782180	קְטֵנָה	cells PRS.FSG
SAME_VOCALIZED_FORM_DIFFERENT_LEXEMES	LX-35856ad369|LX-a646782180	קְטֵנוֹת	cells PRS.FPL
SAME_VOCALIZED_FORM_DIFFERENT_LEXEMES	LX-35856ad369|LX-a646782180	קְטַן	cells IMP.2MSG
SAME_VOCALIZED_FORM_DIFFERENT_LEXEMES	LX-35856ad369|LX-a646782180	קְטַנָּה	cells IMP.2FPL
SAME_VOCALIZED_FORM_DIFFERENT_LEXEMES	LX-35856ad369|LX-a646782180	קְטָנְתֶּם	cells PST.2MPL
SAME_VOCALIZED_FORM_DIFFERENT_LEXEMES	LX-35856ad369|LX-a646782180	קְטָנְתֶּן	cells PST.2FPL
SAME_VOCALIZED_FORM_DIFFERENT_LEXEMES	LX-35856ad369|LX-a646782180	קִטְנִי	cells IMP.2FSG
SAME_VOCALIZED_FORM_DIFFERENT_LEXEMES	LX-35856ad369|LX-a646782180	קִטְנוּ	cells IMP.2MPL
SAME_VOCALIZED_FORM_DIFFERENT_LEXEMES	LX-35856ad369|LX-a646782180	קָטְנָה	cells PST.3FSG
SAME_VOCALIZED_FORM_DIFFERENT_LEXEMES	LX-35856ad369|LX-a646782180	קָטְנוּ	cells PST.3PL
SAME_VOCALIZED_FORM_DIFFERENT_LEXEMES	LX-35856ad369|LX-a646782180	קָטֵן	cells PRS.MSG
SAME_VOCALIZED_FORM_DIFFERENT_LEXEMES	LX-35856ad369|LX-a646782180	קָטֹן	cells PST.3MSG
SAME_VOCALIZED_FORM_DIFFERENT_LEXEMES	LX-730464a7ea|LX-d30ea2a346	קוֹסֵס	cells PRS.MSG|PST.3MSG
SAME_VOCALIZED_FORM_DIFFERENT_LEXEMES	LX-9f68f0332b|LX-c5e586df34	רָצָה	cells PRS.FSG|PST.3FSG|PST.3MSG
SAME_VOCALIZED_FORM_DIFFERENT_LEXEMES	LX-9f68f0332b|LX-c5e586df34	רָצוּ	cells PST.3PL
SAME_VOCALIZED_FORM_DIFFERENT_LEXEMES	LX-9cae0823c4|LX-cba29fbefd	שְׁבִי	cells IMP.2FSG
SAME_VOCALIZED_FORM_DIFFERENT_LEXEMES	LX-9cae0823c4|LX-cba29fbefd	שְׁבוּ	cells IMP.2MPL
SAME_VOCALIZED_FORM_DIFFERENT_LEXEMES	LX-84c2e16a81|LX-9cae0823c4	שָׁבְתָה	cells PST.3FSG
SAME_VOCALIZED_FORM_DIFFERENT_LEXEMES	LX-9cae0823c4|LX-bf89c0b150	שָׁבָה	cells PRS.FSG|PST.3FSG|PST.3MSG
SAME_VOCALIZED_FORM_DIFFERENT_LEXEMES	LX-9cae0823c4|LX-bf89c0b150	שָׁבוּ	cells PST.3PL
SAME_VOCALIZED_FORM_DIFFERENT_LEXEMES	LX-3defd9e540|LX-79fc5bc4c1	שָׁלָה	cells PST.3MSG
SAME_VOCALIZED_FORM_DIFFERENT_LEXEMES	LX-05b4d79f2d|LX-b35d7ff9d2	שָׁפָה	cells PRS.FSG|PST.3FSG|PST.3MSG
SAME_VOCALIZED_FORM_DIFFERENT_LEXEMES	LX-06ead13e36|LX-156883c374	שָׁרָה	cells PRS.FSG|PST.3FSG|PST.3MSG
SAME_VOCALIZED_FORM_DIFFERENT_LEXEMES	LX-42d535a285|LX-8090a02b0a	שָׁתָה	cells PRS.FSG|PST.3FSG|PST.3MSG
SAME_VOCALIZED_FORM_DIFFERENT_LEXEMES	LX-42d535a285|LX-8090a02b0a	שָׁתוּ	cells PST.3PL
SAME_VOCALIZED_FORM_DIFFERENT_LEXEMES	LX-70006a8e7c|LX-76696b3a68	שָׂכָה	cells PST.3MSG
SAME_VOCALIZED_FORM_DIFFERENT_LEXEMES	LX-448ed27093|LX-50f7529e25	תִּבְּלוּ	cells FUT.2MPL|PST.3PL
SAME_VOCALIZED_FORM_DIFFERENT_LEXEMES	LX-08bd18db60|LX-43d85a6bb4	תִּפְרִי	cells FUT.2FSG|IMP.2FSG
SAME_VOCALIZED_FORM_DIFFERENT_LEXEMES	LX-08bd18db60|LX-43d85a6bb4	תִּפְרוּ	cells FUT.2MPL|IMP.2MPL
SAME_VOCALIZED_FORM_DIFFERENT_LEXEMES	LX-35856ad369|LX-a646782180	תִּקְטְנִי	cells FUT.2FSG
SAME_VOCALIZED_FORM_DIFFERENT_LEXEMES	LX-35856ad369|LX-a646782180	תִּקְטְנוּ	cells FUT.2MPL
SAME_VOCALIZED_FORM_DIFFERENT_LEXEMES	LX-35856ad369|LX-a646782180	תִּקְטַן	cells FUT.2MSG|FUT.3FSG
SAME_VOCALIZED_FORM_DIFFERENT_LEXEMES	LX-35856ad369|LX-a646782180	תִּקְטַנָּה	cells FUT.2FPL|FUT.3FPL
SAME_VOCALIZED_FORM_DIFFERENT_LEXEMES	LX-505eab44cd|LX-828b91b0c3	תִּתְוַכְּחִי	cells FUT.2FSG
SAME_VOCALIZED_FORM_DIFFERENT_LEXEMES	LX-505eab44cd|LX-828b91b0c3	תִּתְוַכְּחוּ	cells FUT.2MPL
SAME_VOCALIZED_FORM_DIFFERENT_LEXEMES	LX-505eab44cd|LX-828b91b0c3	תִּתְוַכֵּחַ	cells FUT.2MSG|FUT.3FSG
SAME_VOCALIZED_FORM_DIFFERENT_LEXEMES	LX-505eab44cd|LX-828b91b0c3	תִּתְוַכַּחְנָה	cells FUT.2FPL|FUT.3FPL
SAME_VOCALIZED_FORM_DIFFERENT_LEXEMES	LX-8f40a0b7e1|LX-f55c3a8575	תַּעֲלִי	cells FUT.2FSG
SAME_VOCALIZED_FORM_DIFFERENT_LEXEMES	LX-8f40a0b7e1|LX-f55c3a8575	תַּעֲלֶה	cells FUT.2MSG|FUT.3FSG
SAME_VOCALIZED_FORM_DIFFERENT_LEXEMES	LX-8f40a0b7e1|LX-f55c3a8575	תַּעֲלֶינָה	cells FUT.2FPL|FUT.3FPL
SAME_VOCALIZED_FORM_DIFFERENT_LEXEMES	LX-8f40a0b7e1|LX-f55c3a8575	תַּעֲלוּ	cells FUT.2MPL
SAME_VOCALIZED_FORM_DIFFERENT_LEXEMES	LX-0e4e65521d|LX-eca4a0ebc1	תָּאֵרְנָה	cells FUT.2FPL|FUT.3FPL|IMP.2FPL
SAME_VOCALIZED_FORM_DIFFERENT_LEXEMES	LX-35a9911948|LX-6c1729499c	תָּבִין	cells FUT.2MSG|FUT.3FSG
SAME_VOCALIZED_FORM_DIFFERENT_LEXEMES	LX-35a9911948|LX-6c1729499c	תָּבִינִי	cells FUT.2FSG
SAME_VOCALIZED_FORM_DIFFERENT_LEXEMES	LX-35a9911948|LX-6c1729499c	תָּבִינוּ	cells FUT.2MPL
SAME_VOCALIZED_FORM_DIFFERENT_LEXEMES	LX-35a9911948|LX-6c1729499c	תָּבֵנָּה	cells FUT.2FPL|FUT.3FPL
SAME_VOCALIZED_FORM_DIFFERENT_LEXEMES	LX-598169fddb|LX-f66a0ca4da	תָּחֵלְנָה	cells FUT.2FPL|FUT.3FPL
SAME_VOCALIZED_FORM_DIFFERENT_LEXEMES	LX-001c057dd4|LX-97151a7cb5	תָּנַחְנָה	cells FUT.2FPL|FUT.3FPL
SAME_VOCALIZED_FORM_DIFFERENT_LEXEMES	LX-2994c0ce40|LX-685d8477f8	תָּרִים	cells FUT.2MSG|FUT.3FSG|PRS.MPL
